title,Price,Date
Crazy Dog Mens Another Fine Day Ruined by Responsibility T Shirt Funny Adulting Tee,19.99,2023-12-23
Crazy Dog Mens Another Fine Day Ruined by Responsibility T Shirt Funny Adulting Tee,19.99,2023-12-23
Crazy Dog Mens Another Fine Day Ruined by Responsibility T Shirt Funny Adulting Tee,19.99,2023-12-23
Crazy Dog Mens Another Fine Day Ruined by Responsibility T Shirt Funny Adulting Tee,19.99,2023-12-23
Crazy Dog Mens Another Fine Day Ruined by Responsibility T Shirt Funny Adulting Tee,19.99,2023-12-23
Crazy Dog Mens Another Fine Day Ruined by Responsibility T Shirt Funny Adulting Tee,19.99,2023-12-23
Crazy Dog Mens Another Fine Day Ruined by Responsibility T Shirt Funny Adulting Tee,19.99,2023-12-23
Crazy Dog Mens Another Fine Day Ruined by Responsibility T Shirt Funny Adulting Tee,19.99,2023-12-23
Crazy Dog Mens Another Fine Day Ruined by Responsibility T Shirt Funny Adulting Tee,19.99,2023-12-23
